{"image00001.jpeg": {"line_position": [1993.96512, 140.287392, 1979.47008, 2659.03848], "processed": true}, "image00002.jpeg": {"line_position": [2011.5768386274367, 120.0342667399032, 1959.6361575690996, 2692.288052398669], "processed": true}, "image00003.jpeg": {"line_position": [2016, 136.08, 1975.68, 2686.32], "processed": true}, "image00004.jpeg": {"line_position": [2005.92, 131.04000000000002, 2000.88, 2676.2400000000002], "processed": true}, "image00005.jpeg": {"line_position": [2000.88, 110.88000000000001, 1960.5600000000002, 2691.36], "processed": true}, "image00006.jpeg": {"line_position": [2021.0400000000002, 110.88000000000001, 2000.88, 2701.44], "processed": true}, "image00007.jpeg": {"line_position": [2016, 126, 1985.7600000000002, 2640.96], "processed": true}, "image00008.jpeg": {"line_position": [2051.28, 171.36, 2016, 2681.28], "processed": true}, "image00009.jpeg": {"line_position": [1995.8400000000001, 146.16, 1970.64, 2666.1600000000003], "processed": true}, "image00010.jpeg": {"line_position": [1995.8400000000001, 141.12, 1975.68, 2681.28], "processed": true}, "image00011.jpeg": {"line_position": [1995.8400000000001, 136.08, 1955.5200000000002, 2676.2400000000002], "processed": true}, "image00012.jpeg": {"line_position": [1995.8400000000001, 141.12, 1955.5200000000002, 2676.2400000000002], "processed": true}, "image00013.jpeg": {"line_position": [2000.88, 115.92, 1955.5200000000002, 2666.1600000000003], "processed": true}, "image00014.jpeg": {"line_position": [2005.92, 120.96000000000001, 1950.48, 2671.2000000000003], "processed": true}, "image00015.jpeg": {"line_position": [2010.96, 110.88000000000001, 1935.3600000000001, 2666.1600000000003], "processed": true}, "image00016.jpeg": {"line_position": [2010.96, 120.96000000000001, 1970.64, 2620.8], "processed": true}, "image00017.jpeg": {"line_position": [1990.8000000000002, 110.88000000000001, 1915.2, 2656.08], "processed": true}, "image00018.jpeg": {"line_position": [1990.8000000000002, 120.96000000000001, 1935.3600000000001, 2656.08], "processed": true}, "image00019.jpeg": {"line_position": [1995.8400000000001, 136.08, 1935.3600000000001, 2640.96], "processed": true}, "image00020.jpeg": {"line_position": [1995.8400000000001, 120.96000000000001, 1925.2800000000002, 2640.96], "processed": true}, "image00021.jpeg": {"line_position": [1990.8000000000002, 115.92, 1905.1200000000001, 2646], "processed": true}, "image00022.jpeg": {"line_position": [2000.88, 110.88000000000001, 1915.2, 2635.92], "processed": true}, "image00023.jpeg": {"line_position": [1995.8400000000001, 136.08, 1925.2800000000002, 2640.96], "processed": true}, "image00024.jpeg": {"line_position": [2021.0400000000002, 95.76, 1920.24, 2590.56], "processed": true}, "image00025.jpeg": {"line_position": [2036.16, 115.92, 1915.2, 2620.8], "processed": true}, "image00026.jpeg": {"line_position": [2005.92, 126, 1905.1200000000001, 2635.92], "processed": true}, "image00027.jpeg": {"line_position": [2000.88, 120.96000000000001, 1915.2, 2630.88], "processed": true}, "image00028.jpeg": {"line_position": [1995.8400000000001, 115.92, 1905.1200000000001, 2630.88], "processed": true}, "image00029.jpeg": {"line_position": [1990.8000000000002, 141.12, 1905.1200000000001, 2640.96], "processed": true}, "image00030.jpeg": {"line_position": [1980.72, 115.92, 1895.0400000000002, 2630.88], "processed": true}, "image00032.jpeg": {"line_position": [1985.7600000000002, 120.96000000000001, 1905.1200000000001, 2640.96], "processed": true}, "image00033.jpeg": {"line_position": [1990.8000000000002, 110.88000000000001, 1910.16, 2640.96], "processed": true}, "image00034.jpeg": {"line_position": [2000.88, 136.08, 1910.16, 2640.96], "processed": true}, "image00035.jpeg": {"line_position": [2000.88, 110.88000000000001, 1905.1200000000001, 2620.8], "processed": true}, "image00036.jpeg": {"line_position": [1980.72, 126, 1910.16, 2635.92], "processed": true}, "image00037.jpeg": {"line_position": [1995.8400000000001, 110.88000000000001, 1895.0400000000002, 2640.96], "processed": true}, "image00031.jpeg": {"line_position": [1995.8400000000001, 110.88000000000001, 1910.16, 2620.8], "processed": true}, "image00038.jpeg": {"line_position": [1940.4, 161.28, 1955.5200000000002, 2656.08], "processed": true}}