{"image00001.jpeg": {"line_position": [2016, 115.92, 1980.72, 2686.32], "processed": true}, "image00002.jpeg": {"line_position": [2005.92, 115.92, 1985.7600000000002, 2696.4], "processed": true}, "image00003.jpeg": {"line_position": [2021.0400000000002, 120.96000000000001, 1970.64, 2691.36], "processed": true}, "image00004.jpeg": {"line_position": [2021.0400000000002, 120.96000000000001, 1970.64, 2696.4], "processed": true}, "image00005.jpeg": {"line_position": [2005.92, 105.84, 1960.5600000000002, 2691.36], "processed": true}, "image00006.jpeg": {"line_position": [2016, 120.96000000000001, 2000.88, 2701.44], "processed": true}}