{"image00001.jpeg": {"line_position": [1973.0070302492002, 152.40034581588057, 1951.3738894798994, 2614.5471178982], "processed": false}, "image00002.jpeg": {"line_position": [2011.5768386274367, 120.0342667399032, 1959.6361575690996, 2692.288052398669], "processed": false}, "image00003.jpeg": {"line_position": [2016, 136.08, 1975.68, 2686.32], "processed": false}, "image00004.jpeg": {"line_position": [2005.92, 131.04000000000002, 2000.88, 2676.2400000000002], "processed": false}, "image00005.jpeg": {"line_position": [2000.88, 110.88000000000001, 1960.5600000000002, 2691.36], "processed": false}, "image00006.jpeg": {"line_position": [2021.0400000000002, 110.88000000000001, 2000.88, 2701.44], "processed": false}, "image00007.jpeg": {"line_position": [2016, 126, 1985.7600000000002, 2640.96], "processed": false}, "image00008.jpeg": {"line_position": [2051.28, 171.36, 2016, 2681.28], "processed": false}, "image00009.jpeg": {"line_position": [1995.8400000000001, 146.16, 1970.64, 2666.1600000000003], "processed": false}, "image00010.jpeg": {"line_position": [1995.8400000000001, 141.12, 1975.68, 2681.28], "processed": false}, "image00011.jpeg": {"line_position": [1995.8400000000001, 136.08, 1955.5200000000002, 2676.2400000000002], "processed": false}, "image00012.jpeg": {"line_position": [1995.8400000000001, 141.12, 1955.5200000000002, 2676.2400000000002], "processed": false}, "image00013.jpeg": {"line_position": [2000.88, 115.92, 1955.5200000000002, 2666.1600000000003], "processed": false}, "image00014.jpeg": {"line_position": [2005.92, 120.96000000000001, 1950.48, 2671.2000000000003], "processed": false}, "image00015.jpeg": {"line_position": [2010.96, 110.88000000000001, 1935.3600000000001, 2666.1600000000003], "processed": false}, "image00016.jpeg": {"line_position": [2010.96, 120.96000000000001, 1970.64, 2620.8], "processed": false}, "image00017.jpeg": {"line_position": [1990.8000000000002, 110.88000000000001, 1915.2, 2656.08], "processed": false}, "image00018.jpeg": {"line_position": [1990.8000000000002, 120.96000000000001, 1935.3600000000001, 2656.08], "processed": false}, "image00019.jpeg": {"line_position": [1995.8400000000001, 136.08, 1935.3600000000001, 2640.96], "processed": false}, "image00020.jpeg": {"line_position": [1995.8400000000001, 120.96000000000001, 1925.2800000000002, 2640.96], "processed": false}, "image00021.jpeg": {"line_position": [1990.8000000000002, 115.92, 1905.1200000000001, 2646], "processed": false}, "image00022.jpeg": {"line_position": [2000.88, 110.88000000000001, 1915.2, 2635.92], "processed": false}, "image00023.jpeg": {"line_position": [1995.8400000000001, 136.08, 1925.2800000000002, 2640.96], "processed": false}, "image00024.jpeg": {"line_position": [2021.0400000000002, 95.76, 1920.24, 2590.56], "processed": false}, "image00025.jpeg": {"line_position": [2036.16, 115.92, 1915.2, 2620.8], "processed": false}, "image00026.jpeg": {"line_position": [2005.92, 126, 1905.1200000000001, 2635.92], "processed": false}, "image00027.jpeg": {"line_position": [2000.88, 120.96000000000001, 1915.2, 2630.88], "processed": false}, "image00028.jpeg": {"line_position": [1995.8400000000001, 115.92, 1905.1200000000001, 2630.88], "processed": false}, "image00029.jpeg": {"line_position": [1990.8000000000002, 141.12, 1905.1200000000001, 2640.96], "processed": false}, "image00030.jpeg": {"line_position": [1980.72, 115.92, 1895.0400000000002, 2630.88], "processed": false}, "image00032.jpeg": {"line_position": [1985.7600000000002, 120.96000000000001, 1905.1200000000001, 2640.96], "processed": false}, "image00033.jpeg": {"line_position": [1990.8000000000002, 110.88000000000001, 1910.16, 2640.96], "processed": false}, "image00034.jpeg": {"line_position": [2000.88, 136.08, 1910.16, 2640.96], "processed": false}, "image00035.jpeg": {"line_position": [2000.88, 110.88000000000001, 1905.1200000000001, 2620.8], "processed": false}, "image00036.jpeg": {"line_position": [1980.72, 126, 1910.16, 2635.92], "processed": false}, "image00037.jpeg": {"line_position": [1995.8400000000001, 110.88000000000001, 1895.0400000000002, 2640.96], "processed": false}, "image00031.jpeg": {"line_position": [1995.8400000000001, 110.88000000000001, 1910.16, 2620.8], "processed": false}, "image00038.jpeg": {"line_position": [1940.4, 161.28, 1955.5200000000002, 2656.08], "processed": false}, "image00039.jpeg": {"line_position": [1936.380471834535, 148.62528669429904, 1946.9965637412706, 2673.6362064816053], "processed": false}, "image00040.jpeg": {"line_position": [2000.077023274949, 164.5494245544025, 1968.2287475547419, 2700.1764362484446], "processed": false}, "image00041.jpeg": {"line_position": [2005.3850692283168, 169.85747050777033, 1989.4609313682133, 2700.1764362484446], "processed": false}, "image00042.jpeg": {"line_position": [2010.6931151816846, 164.5494245544025, 1984.1528854148453, 2700.1764362484446], "processed": false}, "image00043.jpeg": {"line_position": [1968.2287475547419, 196.39770027460943, 2016.0011611350524, 2716.100574108548], "processed": false}, "image00044.jpeg": {"line_position": [1957.6126556480062, 212.3218381347129, 2010.6931151816846, 2721.4086200619163], "processed": false}, "image00045.jpeg": {"line_position": [1962.920701601374, 196.39770027460943, 2010.6931151816846, 2705.484482201812], "processed": false}}