{"image00001.jpeg": {"line_position": [2000.88, 126, 1975.68, 2701.44], "processed": false}, "image00002.jpeg": {"line_position": [2000.88, 136.08, 1975.68, 2676.2400000000002], "processed": false}, "image00003.jpeg": {"line_position": [2016, 136.08, 1975.68, 2686.32], "processed": false}, "image00004.jpeg": {"line_position": [2005.92, 131.04000000000002, 2000.88, 2676.2400000000002], "processed": false}, "image00005.jpeg": {"line_position": [2000.88, 110.88000000000001, 1960.5600000000002, 2691.36], "processed": true}, "image00006.jpeg": {"line_position": [2021.0400000000002, 110.88000000000001, 2000.88, 2701.44], "processed": true}, "image00007.jpeg": {"line_position": [2016, 126, 1985.7600000000002, 2640.96], "processed": false}}